<?xml version='1.0' encoding='ISO-8859-1' ?>
<!DOCTYPE toc
  PUBLIC "-//Sun Microsystems Inc.//DTD JavaHelp TOC Version 1.0//EN"
         "http://java.sun.com/products/javahelp/toc_1_0.dtd">

<toc version="1.0">
  
  <tocitem text="Logo.es" target="introduccion" />
  	<tocitem text="Organizar con los filtros" target="organizar"/>
	<tocitem text="Empezar a reservar" target="descripcion"/>
  

  <tocitem text="Como reservar">
	<tocitem text="Reservar paquete" target="reservaPaquete"/>
	<tocitem text="Reservar alojamiento" target="reservaAlojamiento"/>
	<tocitem text="Reservar entrada a parque temático" target="reservaEntrada"/>
  </tocitem>
  
   <tocitem text="Como registrar la reserva">
	<tocitem text="Registrar reserva" target = "registrar"/>
	<tocitem text="Confirmar reserva" target="registrar"/>
  </tocitem>
  
  <tocitem text="El carrito de la compra">
    <tocitem text="Carrito de la compra" target="carrito"/>
 </tocitem>
 
 <tocitem text="Aumentar duracion paquete">
    <tocitem text="Aumentar duracion paquete" target="diasextra"/>
 </tocitem>

</toc>
