<?xml version='1.0' encoding='ISO-8859-1'  ?>
<!DOCTYPE index
  PUBLIC "-//Sun Microsystems Inc.//DTD JavaHelp Index Version 1.0//EN"
         "http://java.sun.com/products/javahelp/index_1_0.dtd">
<index version="1.0">
	<indexitem text="Introduccion a la aplicacion" target="introduccion" />	
	<indexitem text="Organizar busqueda filtros" target="organizar" />	
	<indexitem text="Empezar a reservar" target="descripcion"/>
	<indexitem text="Reservar paquete vacacional" target="reservaPaquete" />	
	<indexitem text="Reservar alojamiento" target="reservaAlojamiento" />
	<indexitem text="Reservar entrada para parque tematico" target="reservaEntrada" />
	<indexitem text="Carrito de la compra" target="carrito" />	
	<indexitem text="Registro de la reserva" target="registrar" />	
</index>
